Word,Letter 1,Letter 2,Letter 3,Letter 4
aahs,a,a,h,s
abet,a,b,e,t
able,a,b,l,e
ably,a,b,l,y
abut,a,b,u,t
aced,a,c,e,d
aces,a,c,e,s
ache,a,c,h,e
achy,a,c,h,y
acid,a,c,i,d
acme,a,c,m,e
acne,a,c,n,e
acre,a,c,r,e
acts,a,c,t,s
acyl,a,c,y,l
adds,a,d,d,s
adze,a,d,z,e
afar,a,f,a,r
afro,a,f,r,o
agar,a,g,a,r
aged,a,g,e,d
ages,a,g,e,s
agin,a,g,i,n
agog,a,g,o,g
ague,a,g,u,e
ahas,a,h,a,s
ahem,a,h,e,m
ahoy,a,h,o,y
aide,a,i,d,e
aids,a,i,d,s
ails,a,i,l,s
aims,a,i,m,s
airs,a,i,r,s
airy,a,i,r,y
ajar,a,j,a,r
akin,a,k,i,n
alas,a,l,a,s
albs,a,l,b,s
alef,a,l,e,f
ales,a,l,e,s
alga,a,l,g,a
ally,a,l,l,y
alms,a,l,m,s
aloe,a,l,o,e
alps,a,l,p,s
also,a,l,s,o
alto,a,l,t,o
alum,a,l,u,m
ambo,a,m,b,o
amen,a,m,e,n
amid,a,m,i,d
amok,a,m,o,k
amps,a,m,p,s
amyl,a,m,y,l
anal,a,n,a,l
ands,a,n,d,s
anew,a,n,e,w
anon,a,n,o,n
ante,a,n,t,e
ants,a,n,t,s
anus,a,n,u,s
aped,a,p,e,d
aper,a,p,e,r
apes,a,p,e,s
apex,a,p,e,x
apps,a,p,p,s
aqua,a,q,u,a
arch,a,r,c,h
arcs,a,r,c,s
area,a,r,e,a
ares,a,r,e,s
aria,a,r,i,a
arid,a,r,i,d
aril,a,r,i,l
arks,a,r,k,s
arms,a,r,m,s
army,a,r,m,y
arts,a,r,t,s
arty,a,r,t,y
aryl,a,r,y,l
ashs,a,s,h,s
ashy,a,s,h,y
asks,a,s,k,s
asps,a,s,p,s
atom,a,t,o,m
atop,a,t,o,p
aunt,a,u,n,t
aura,a,u,r,a
auto,a,u,t,o
aven,a,v,e,n
aver,a,v,e,r
avid,a,v,i,d
avow,a,v,o,w
away,a,w,a,y
awed,a,w,e,d
awes,a,w,e,s
awls,a,w,l,s
awns,a,w,n,s
awny,a,w,n,y
awol,a,w,o,l
awry,a,w,r,y
axed,a,x,e,d
axel,a,x,e,l
axes,a,x,e,s
axis,a,x,i,s
axle,a,x,l,e
axon,a,x,o,n
ayes,a,y,e,s
ayin,a,y,i,n
azym,a,z,y,m
baas,b,a,a,s
babe,b,a,b,e
baby,b,a,b,y
back,b,a,c,k
bade,b,a,d,e
bags,b,a,g,s
baht,b,a,h,t
bail,b,a,i,l
bait,b,a,i,t
bake,b,a,k,e
bald,b,a,l,d
bale,b,a,l,e
balk,b,a,l,k
ball,b,a,l,l
balm,b,a,l,m
band,b,a,n,d
bane,b,a,n,e
bang,b,a,n,g
bank,b,a,n,k
bans,b,a,n,s
barb,b,a,r,b
bard,b,a,r,d
bare,b,a,r,e
barf,b,a,r,f
bark,b,a,r,k
barm,b,a,r,m
barn,b,a,r,n
bars,b,a,r,s
base,b,a,s,e
bash,b,a,s,h
bask,b,a,s,k
bass,b,a,s,s
bath,b,a,t,h
bats,b,a,t,s
baud,b,a,u,d
bawd,b,a,w,d
bawl,b,a,w,l
bays,b,a,y,s
bead,b,e,a,d
beak,b,e,a,k
beam,b,e,a,m
bean,b,e,a,n
bear,b,e,a,r
beat,b,e,a,t
beau,b,e,a,u
beds,b,e,d,s
beef,b,e,e,f
been,b,e,e,n
beep,b,e,e,p
beer,b,e,e,r
bees,b,e,e,s
beet,b,e,e,t
begs,b,e,g,s
bell,b,e,l,l
belt,b,e,l,t
bend,b,e,n,d
bene,b,e,n,e
bens,b,e,n,s
bent,b,e,n,t
berk,b,e,r,k
berm,b,e,r,m
best,b,e,s,t
beta,b,e,t,a
beth,b,e,t,h
bets,b,e,t,s
bevy,b,e,v,y
bias,b,i,a,s
bibs,b,i,b,s
bide,b,i,d,e
bids,b,i,d,s
bike,b,i,k,e
bile,b,i,l,e
bilk,b,i,l,k
bill,b,i,l,l
bind,b,i,n,d
bins,b,i,n,s
bios,b,i,o,s
bird,b,i,r,d
birr,b,i,r,r
bite,b,i,t,e
bits,b,i,t,s
bitt,b,i,t,t
blab,b,l,a,b
blah,b,l,a,h
blat,b,l,a,t
bleb,b,l,e,b
bled,b,l,e,d
blew,b,l,e,w
blip,b,l,i,p
blob,b,l,o,b
bloc,b,l,o,c
blog,b,l,o,g
blot,b,l,o,t
blow,b,l,o,w
blue,b,l,u,e
blur,b,l,u,r
boar,b,o,a,r
boas,b,o,a,s
boat,b,o,a,t
bobs,b,o,b,s
bode,b,o,d,e
body,b,o,d,y
bogs,b,o,g,s
boil,b,o,i,l
bold,b,o,l,d
bole,b,o,l,e
boll,b,o,l,l
bolt,b,o,l,t
bomb,b,o,m,b
bond,b,o,n,d
bone,b,o,n,e
bonk,b,o,n,k
bony,b,o,n,y
book,b,o,o,k
boom,b,o,o,m
boon,b,o,o,n
boor,b,o,o,r
boos,b,o,o,s
boot,b,o,o,t
bops,b,o,p,s
bore,b,o,r,e
born,b,o,r,n
boss,b,o,s,s
both,b,o,t,h
bots,b,o,t,s
bout,b,o,u,t
bowl,b,o,w,l
bows,b,o,w,s
boxy,b,o,x,y
boys,b,o,y,s
brad,b,r,a,d
brag,b,r,a,g
bran,b,r,a,n
bras,b,r,a,s
brat,b,r,a,t
bray,b,r,a,y
bred,b,r,e,d
brew,b,r,e,w
brie,b,r,i,e
brim,b,r,i,m
brin,b,r,i,n
bris,b,r,i,s
brow,b,r,o,w
brux,b,r,u,x
bubo,b,u,b,o
buck,b,u,c,k
buds,b,u,d,s
buff,b,u,f,f
bugs,b,u,g,s
buhl,b,u,h,l
buhr,b,u,h,r
bulb,b,u,l,b
bulk,b,u,l,k
bull,b,u,l,l
bump,b,u,m,p
bums,b,u,m,s
bunk,b,u,n,k
buns,b,u,n,s
bunt,b,u,n,t
buoy,b,u,o,y
burl,b,u,r,l
burn,b,u,r,n
burp,b,u,r,p
burr,b,u,r,r
burs,b,u,r,s
bury,b,u,r,y
bush,b,u,s,h
busk,b,u,s,k
bust,b,u,s,t
busy,b,u,s,y
buts,b,u,t,s
butt,b,u,t,t
buys,b,u,y,s
buzz,b,u,z,z
byes,b,y,e,s
byte,b,y,t,e
cabs,c,a,b,s
cads,c,a,d,s
cafe,c,a,f,e
cage,c,a,g,e
cake,c,a,k,e
calf,c,a,l,f
call,c,a,l,l
calm,c,a,l,m
calx,c,a,l,x
came,c,a,m,e
camp,c,a,m,p
cams,c,a,m,s
cane,c,a,n,e
cans,c,a,n,s
cant,c,a,n,t
cape,c,a,p,e
caps,c,a,p,s
card,c,a,r,d
care,c,a,r,e
carp,c,a,r,p
cars,c,a,r,s
cart,c,a,r,t
case,c,a,s,e
cash,c,a,s,h
cask,c,a,s,k
cast,c,a,s,t
cats,c,a,t,s
cave,c,a,v,e
caws,c,a,w,s
ceca,c,e,c,a
cede,c,e,d,e
cedi,c,e,d,i
cees,c,e,e,s
cell,c,e,l,l
celt,c,e,l,t
cent,c,e,n,t
cere,c,e,r,e
chad,c,h,a,d
chap,c,h,a,p
char,c,h,a,r
chat,c,h,a,t
chef,c,h,e,f
chew,c,h,e,w
chic,c,h,i,c
chin,c,h,i,n
chip,c,h,i,p
chis,c,h,i,s
chiv,c,h,i,v
chop,c,h,o,p
chow,c,h,o,w
chub,c,h,u,b
chug,c,h,u,g
chum,c,h,u,m
cite,c,i,t,e
city,c,i,t,y
clad,c,l,a,d
clag,c,l,a,g
clan,c,l,a,n
clap,c,l,a,p
claw,c,l,a,w
clay,c,l,a,y
clef,c,l,e,f
clip,c,l,i,p
clod,c,l,o,d
clog,c,l,o,g
clop,c,l,o,p
clot,c,l,o,t
cloy,c,l,o,y
club,c,l,u,b
clue,c,l,u,e
coak,c,o,a,k
coal,c,o,a,l
coat,c,o,a,t
coax,c,o,a,x
cobs,c,o,b,s
cock,c,o,c,k
coda,c,o,d,a
code,c,o,d,e
cods,c,o,d,s
coed,c,o,e,d
cogs,c,o,g,s
coho,c,o,h,o
coif,c,o,i,f
coil,c,o,i,l
coin,c,o,i,n
cola,c,o,l,a
cold,c,o,l,d
cole,c,o,l,e
colt,c,o,l,t
coma,c,o,m,a
comb,c,o,m,b
come,c,o,m,e
cone,c,o,n,e
conk,c,o,n,k
cons,c,o,n,s
cook,c,o,o,k
cool,c,o,o,l
coop,c,o,o,p
coos,c,o,o,s
coot,c,o,o,t
cope,c,o,p,e
cops,c,o,p,s
copy,c,o,p,y
cord,c,o,r,d
core,c,o,r,e
cork,c,o,r,k
corm,c,o,r,m
corn,c,o,r,n
cost,c,o,s,t
cosy,c,o,s,y
cots,c,o,t,s
coup,c,o,u,p
cove,c,o,v,e
cowl,c,o,w,l
cows,c,o,w,s
coys,c,o,y,s
cozy,c,o,z,y
crab,c,r,a,b
crag,c,r,a,g
cram,c,r,a,m
crap,c,r,a,p
crew,c,r,e,w
crib,c,r,i,b
crop,c,r,o,p
crow,c,r,o,w
crud,c,r,u,d
crux,c,r,u,x
cube,c,u,b,e
cubs,c,u,b,s
cuds,c,u,d,s
cued,c,u,e,d
cues,c,u,e,s
cuff,c,u,f,f
cull,c,u,l,l
culm,c,u,l,m
cult,c,u,l,t
cups,c,u,p,s
curb,c,u,r,b
curd,c,u,r,d
cure,c,u,r,e
curl,c,u,r,l
curs,c,u,r,s
curt,c,u,r,t
cusp,c,u,s,p
cuss,c,u,s,s
cute,c,u,t,e
cuts,c,u,t,s
cwms,c,w,m,s
cyan,c,y,a,n
cyma,c,y,m,a
cyme,c,y,m,e
cyst,c,y,s,t
czar,c,z,a,r
dabs,d,a,b,s
dado,d,a,d,o
dads,d,a,d,s
daft,d,a,f,t
dame,d,a,m,e
damn,d,a,m,n
damp,d,a,m,p
dams,d,a,m,s
dank,d,a,n,k
dare,d,a,r,e
dark,d,a,r,k
darn,d,a,r,n
dart,d,a,r,t
dash,d,a,s,h
data,d,a,t,a
date,d,a,t,e
daub,d,a,u,b
dawn,d,a,w,n
days,d,a,y,s
daze,d,a,z,e
dead,d,e,a,d
deaf,d,e,a,f
deal,d,e,a,l
dean,d,e,a,n
dear,d,e,a,r
debt,d,e,b,t
deck,d,e,c,k
deed,d,e,e,d
deem,d,e,e,m
deep,d,e,e,p
deer,d,e,e,r
dees,d,e,e,s
deet,d,e,e,t
deft,d,e,f,t
defy,d,e,f,y
deil,d,e,i,l
dele,d,e,l,e
delf,d,e,l,f
deli,d,e,l,i
dell,d,e,l,l
deme,d,e,m,e
demo,d,e,m,o
demy,d,e,m,y
dene,d,e,n,e
dens,d,e,n,s
dent,d,e,n,t
deny,d,e,n,y
dere,d,e,r,e
derm,d,e,r,m
desk,d,e,s,k
deva,d,e,v,a
dews,d,e,w,s
dewy,d,e,w,y
deys,d,e,y,s
dhow,d,h,o,w
dial,d,i,a,l
dibs,d,i,b,s
dice,d,i,c,e
died,d,i,e,d
dies,d,i,e,s
diet,d,i,e,t
digs,d,i,g,s
dill,d,i,l,l
dime,d,i,m,e
dims,d,i,m,s
dine,d,i,n,e
ding,d,i,n,g
dins,d,i,n,s
dint,d,i,n,t
dips,d,i,p,s
dire,d,i,r,e
dirt,d,i,r,t
disc,d,i,s,c
dish,d,i,s,h
disk,d,i,s,k
ditz,d,i,t,z
diva,d,i,v,a
dive,d,i,v,e
dock,d,o,c,k
dodo,d,o,d,o
doer,d,o,e,r
does,d,o,e,s
doff,d,o,f,f
doge,d,o,g,e
dogs,d,o,g,s
dojo,d,o,j,o
dole,d,o,l,e
doll,d,o,l,l
dolt,d,o,l,t
dome,d,o,m,e
done,d,o,n,e
dons,d,o,n,s
doom,d,o,o,m
door,d,o,o,r
dope,d,o,p,e
dork,d,o,r,k
dorm,d,o,r,m
dorr,d,o,r,r
dors,d,o,r,s
dose,d,o,s,e
dote,d,o,t,e
doth,d,o,t,h
dots,d,o,t,s
doty,d,o,t,y
dove,d,o,v,e
down,d,o,w,n
doxx,d,o,x,x
doxy,d,o,x,y
doze,d,o,z,e
dozy,d,o,z,y
drab,d,r,a,b
drag,d,r,a,g
dram,d,r,a,m
draw,d,r,a,w
dray,d,r,a,y
dreg,d,r,e,g
drew,d,r,e,w
drey,d,r,e,y
drib,d,r,i,b
drip,d,r,i,p
drop,d,r,o,p
drub,d,r,u,b
drug,d,r,u,g
drum,d,r,u,m
dual,d,u,a,l
dubs,d,u,b,s
duck,d,u,c,k
duct,d,u,c,t
dude,d,u,d,e
duds,d,u,d,s
duel,d,u,e,l
dues,d,u,e,s
duet,d,u,e,t
duff,d,u,f,f
duke,d,u,k,e
dull,d,u,l,l
duly,d,u,l,y
dumb,d,u,m,b
dump,d,u,m,p
dune,d,u,n,e
dung,d,u,n,g
dunk,d,u,n,k
duos,d,u,o,s
dupe,d,u,p,e
dusk,d,u,s,k
dust,d,u,s,t
duty,d,u,t,y
dyad,d,y,a,d
dyed,d,y,e,d
dyer,d,y,e,r
dyes,d,y,e,s
dyne,d,y,n,e
dzos,d,z,o,s
each,e,a,c,h
earl,e,a,r,l
earn,e,a,r,n
ears,e,a,r,s
ease,e,a,s,e
east,e,a,s,t
easy,e,a,s,y
eats,e,a,t,s
eave,e,a,v,e
ebbs,e,b,b,s
echo,e,c,h,o
ecru,e,c,r,u
eddy,e,d,d,y
edge,e,d,g,e
edgy,e,d,g,y
edit,e,d,i,t
eeks,e,e,k,s
eels,e,e,l,s
eely,e,e,l,y
eery,e,e,r,y
effs,e,f,f,s
eggs,e,g,g,s
eggy,e,g,g,y
egos,e,g,o,s
eked,e,k,e,d
eker,e,k,e,r
ekes,e,k,e,s
elix,e,l,i,x
elks,e,l,k,s
ells,e,l,l,s
elms,e,l,m,s
else,e,l,s,e
emir,e,m,i,r
emit,e,m,i,t
emus,e,m,u,s
ends,e,n,d,s
enol,e,n,o,l
envy,e,n,v,y
eons,e,o,n,s
epic,e,p,i,c
eras,e,r,a,s
ergo,e,r,g,o
ergs,e,r,g,s
eros,e,r,o,s
etas,e,t,a,s
etch,e,t,c,h
euro,e,u,r,o
even,e,v,e,n
ever,e,v,e,r
eves,e,v,e,s
evil,e,v,i,l
ewer,e,w,e,r
ewes,e,w,e,s
exam,e,x,a,m
exes,e,x,e,s
exit,e,x,i,t
exon,e,x,o,n
expo,e,x,p,o
eyed,e,y,e,d
eyes,e,y,e,s
face,f,a,c,e
fact,f,a,c,t
fade,f,a,d,e
fads,f,a,d,s
fail,f,a,i,l
fain,f,a,i,n
fair,f,a,i,r
fake,f,a,k,e
fall,f,a,l,l
fame,f,a,m,e
fang,f,a,n,g
fans,f,a,n,s
fare,f,a,r,e
farm,f,a,r,m
fast,f,a,s,t
fate,f,a,t,e
fats,f,a,t,s
faun,f,a,u,n
faux,f,a,u,x
fave,f,a,v,e
fawn,f,a,w,n
faze,f,a,z,e
fear,f,e,a,r
feat,f,e,a,t
feds,f,e,d,s
feed,f,e,e,d
feel,f,e,e,l
fees,f,e,e,s
feet,f,e,e,t
fell,f,e,l,l
felt,f,e,l,t
fend,f,e,n,d
fens,f,e,n,s
fern,f,e,r,n
feta,f,e,t,a
feud,f,e,u,d
fibs,f,i,b,s
figs,f,i,g,s
file,f,i,l,e
fill,f,i,l,l
film,f,i,l,m
find,f,i,n,d
fine,f,i,n,e
fink,f,i,n,k
fins,f,i,n,s
fire,f,i,r,e
firm,f,i,r,m
firs,f,i,r,s
fish,f,i,s,h
fist,f,i,s,t
fits,f,i,t,s
five,f,i,v,e
fizz,f,i,z,z
flab,f,l,a,b
flag,f,l,a,g
flan,f,l,a,n
flap,f,l,a,p
flat,f,l,a,t
flaw,f,l,a,w
flax,f,l,a,x
flay,f,l,a,y
flea,f,l,e,a
fled,f,l,e,d
flee,f,l,e,e
flew,f,l,e,w
flex,f,l,e,x
flip,f,l,i,p
flit,f,l,i,t
floe,f,l,o,e
flog,f,l,o,g
flop,f,l,o,p
flow,f,l,o,w
flox,f,l,o,x
flub,f,l,u,b
flue,f,l,u,e
flux,f,l,u,x
foal,f,o,a,l
foam,f,o,a,m
fobs,f,o,b,s
foci,f,o,c,i
foes,f,o,e,s
fogs,f,o,g,s
fogy,f,o,g,y
fohs,f,o,h,s
foil,f,o,i,l
fold,f,o,l,d
folk,f,o,l,k
fond,f,o,n,d
font,f,o,n,t
food,f,o,o,d
fool,f,o,o,l
foot,f,o,o,t
fops,f,o,p,s
fora,f,o,r,a
forb,f,o,r,b
fore,f,o,r,e
fork,f,o,r,k
form,f,o,r,m
fort,f,o,r,t
foul,f,o,u,l
four,f,o,u,r
fowl,f,o,w,l
foxy,f,o,x,y
fozy,f,o,z,y
fray,f,r,a,y
free,f,r,e,e
fret,f,r,e,t
friz,f,r,i,z
frog,f,r,o,g
from,f,r,o,m
fuel,f,u,e,l
fuff,f,u,f,f
fuki,f,u,k,i
full,f,u,l,l
fume,f,u,m,e
fumy,f,u,m,y
fund,f,u,n,d
funk,f,u,n,k
furl,f,u,r,l
furs,f,u,r,s
fury,f,u,r,y
fuse,f,u,s,e
fuss,f,u,s,s
fuze,f,u,z,e
fuzz,f,u,z,z
gabs,g,a,b,s
gaff,g,a,f,f
gaga,g,a,g,a
gage,g,a,g,e
gags,g,a,g,s
gain,g,a,i,n
gait,g,a,i,t
gala,g,a,l,a
gale,g,a,l,e
gall,g,a,l,l
gals,g,a,l,s
game,g,a,m,e
gang,g,a,n,g
gaol,g,a,o,l
gape,g,a,p,e
gaps,g,a,p,s
garb,g,a,r,b
gash,g,a,s,h
gasp,g,a,s,p
gate,g,a,t,e
gave,g,a,v,e
gawk,g,a,w,k
gawp,g,a,w,p
gaze,g,a,z,e
gear,g,e,a,r
geek,g,e,e,k
gees,g,e,e,s
geld,g,e,l,d
gell,g,e,l,l
gels,g,e,l,s
gems,g,e,m,s
gene,g,e,n,e
gent,g,e,n,t
germ,g,e,r,m
gets,g,e,t,s
gift,g,i,f,t
gigs,g,i,g,s
gild,g,i,l,d
gill,g,i,l,l
gilt,g,i,l,t
gimp,g,i,m,p
gins,g,i,n,s
gird,g,i,r,d
girl,g,i,r,l
girn,g,i,r,n
gist,g,i,s,t
give,g,i,v,e
glad,g,l,a,d
glee,g,l,e,e
glen,g,l,e,n
glia,g,l,i,a
glib,g,l,i,b
glob,g,l,o,b
glow,g,l,o,w
glue,g,l,u,e
glug,g,l,u,g
glum,g,l,u,m
glut,g,l,u,t
gnar,g,n,a,r
gnat,g,n,a,t
gnaw,g,n,a,w
gnus,g,n,u,s
goad,g,o,a,d
goal,g,o,a,l
goat,g,o,a,t
gobs,g,o,b,s
goby,g,o,b,y
gods,g,o,d,s
goer,g,o,e,r
goes,g,o,e,s
goji,g,o,j,i
gold,g,o,l,d
golf,g,o,l,f
gone,g,o,n,e
gong,g,o,n,g
good,g,o,o,d
goof,g,o,o,f
goon,g,o,o,n
goop,g,o,o,p
goos,g,o,o,s
gore,g,o,r,e
gory,g,o,r,y
gosh,g,o,s,h
goth,g,o,t,h
gout,g,o,u,t
gown,g,o,w,n
grab,g,r,a,b
gram,g,r,a,m
gray,g,r,a,y
grew,g,r,e,w
grey,g,r,e,y
grid,g,r,i,d
grim,g,r,i,m
grin,g,r,i,n
grip,g,r,i,p
grit,g,r,i,t
grow,g,r,o,w
grub,g,r,u,b
guck,g,u,c,k
guff,g,u,f,f
gulf,g,u,l,f
gull,g,u,l,l
gulp,g,u,l,p
gums,g,u,m,s
gunk,g,u,n,k
guns,g,u,n,s
guru,g,u,r,u
gush,g,u,s,h
gust,g,u,s,t
guts,g,u,t,s
guys,g,u,y,s
gyms,g,y,m,s
gyne,g,y,n,e
gyps,g,y,p,s
gyre,g,y,r,e
gyro,g,y,r,o
hack,h,a,c,k
hags,h,a,g,s
hail,h,a,i,l
hair,h,a,i,r
half,h,a,l,f
hall,h,a,l,l
halo,h,a,l,o
halt,h,a,l,t
hams,h,a,m,s
hand,h,a,n,d
hang,h,a,n,g
haps,h,a,p,s
hard,h,a,r,d
hare,h,a,r,e
hark,h,a,r,k
harm,h,a,r,m
harp,h,a,r,p
hash,h,a,s,h
hasp,h,a,s,p
hate,h,a,t,e
hath,h,a,t,h
hats,h,a,t,s
haul,h,a,u,l
have,h,a,v,e
hawk,h,a,w,k
haws,h,a,w,s
hays,h,a,y,s
haze,h,a,z,e
hazy,h,a,z,y
head,h,e,a,d
heal,h,e,a,l
heap,h,e,a,p
hear,h,e,a,r
heat,h,e,a,t
heck,h,e,c,k
heed,h,e,e,d
heel,h,e,e,l
heir,h,e,i,r
held,h,e,l,d
hell,h,e,l,l
helm,h,e,l,m
help,h,e,l,p
heme,h,e,m,e
hems,h,e,m,s
hens,h,e,n,s
herb,h,e,r,b
herd,h,e,r,d
here,h,e,r,e
hero,h,e,r,o
hers,h,e,r,s
hewn,h,e,w,n
hews,h,e,w,s
hick,h,i,c,k
hics,h,i,c,s
hide,h,i,d,e
high,h,i,g,h
hike,h,i,k,e
hill,h,i,l,l
hilt,h,i,l,t
hind,h,i,n,d
hint,h,i,n,t
hips,h,i,p,s
hire,h,i,r,e
hiss,h,i,s,s
hits,h,i,t,s
hive,h,i,v,e
hoar,h,o,a,r
hoax,h,o,a,x
hobo,h,o,b,o
hoed,h,o,e,d
hoer,h,o,e,r
hoes,h,o,e,s
hogs,h,o,g,s
hold,h,o,l,d
hole,h,o,l,e
holy,h,o,l,y
home,h,o,m,e
hone,h,o,n,e
honk,h,o,n,k
hood,h,o,o,d
hoof,h,o,o,f
hook,h,o,o,k
hoop,h,o,o,p
hoot,h,o,o,t
hope,h,o,p,e
hops,h,o,p,s
horn,h,o,r,n
horo,h,o,r,o
hose,h,o,s,e
host,h,o,s,t
hots,h,o,t,s
hour,h,o,u,r
howl,h,o,w,l
hows,h,o,w,s
hubs,h,u,b,s
hued,h,u,e,d
hues,h,u,e,s
huff,h,u,f,f
huge,h,u,g,e
hugs,h,u,g,s
huhs,h,u,h,s
hula,h,u,l,a
hulk,h,u,l,k
hull,h,u,l,l
hump,h,u,m,p
hums,h,u,m,s
hung,h,u,n,g
hunk,h,u,n,k
hunt,h,u,n,t
hurl,h,u,r,l
hurt,h,u,r,t
hush,h,u,s,h
husk,h,u,s,k
huts,h,u,t,s
hymn,h,y,m,n
hype,h,y,p,e
hypo,h,y,p,o
iamb,i,a,m,b
ibex,i,b,e,x
ibis,i,b,i,s
iced,i,c,e,d
icer,i,c,e,r
ices,i,c,e,s
icky,i,c,k,y
icon,i,c,o,n
idea,i,d,e,a
ides,i,d,e,s
idle,i,d,l,e
idly,i,d,l,y
idol,i,d,o,l
iffy,i,f,f,y
ilea,i,l,e,a
ilka,i,l,k,a
ilks,i,l,k,s
ills,i,l,l,s
imam,i,m,a,m
imps,i,m,p,s
inch,i,n,c,h
inks,i,n,k,s
inky,i,n,k,y
inns,i,n,n,s
into,i,n,t,o
ions,i,o,n,s
iota,i,o,t,a
ipad,i,p,a,d
ired,i,r,e,d
ires,i,r,e,s
irid,i,r,i,d
iris,i,r,i,s
irks,i,r,k,s
iron,i,r,o,n
isle,i,s,l,e
isms,i,s,m,s
itch,i,t,c,h
item,i,t,e,m
jabs,j,a,b,s
jack,j,a,c,k
jade,j,a,d,e
jags,j,a,g,s
jail,j,a,i,l
jali,j,a,l,i
jamb,j,a,m,b
jams,j,a,m,s
jars,j,a,r,s
java,j,a,v,a
jaws,j,a,w,s
jays,j,a,y,s
jazz,j,a,z,z
jean,j,e,a,n
jeep,j,e,e,p
jeer,j,e,e,r
jeli,j,e,l,i
jell,j,e,l,l
jerk,j,e,r,k
jest,j,e,s,t
jets,j,e,t,s
jibe,j,i,b,e
jigs,j,i,g,s
jilt,j,i,l,t
jink,j,i,n,k
jinx,j,i,n,x
jive,j,i,v,e
jivy,j,i,v,y
jobs,j,o,b,s
jock,j,o,c,k
jogs,j,o,g,s
join,j,o,i,n
joke,j,o,k,e
jolt,j,o,l,t
josh,j,o,s,h
jots,j,o,t,s
jowl,j,o,w,l
joys,j,o,y,s
judo,j,u,d,o
jugs,j,u,g,s
juke,j,u,k,e
july,j,u,l,y
jump,j,u,m,p
june,j,u,n,e
junk,j,u,n,k
jury,j,u,r,y
just,j,u,s,t
jute,j,u,t,e
juts,j,u,t,s
kale,k,a,l,e
kaon,k,a,o,n
kaph,k,a,p,h
kata,k,a,t,a
kats,k,a,t,s
kava,k,a,v,a
kays,k,a,y,s
keek,k,e,e,k
keel,k,e,e,l
keen,k,e,e,n
keep,k,e,e,p
kegs,k,e,g,s
kelp,k,e,l,p
keps,k,e,p,s
kept,k,e,p,t
kern,k,e,r,n
keys,k,e,y,s
kick,k,i,c,k
kids,k,i,d,s
kill,k,i,l,l
kiln,k,i,l,n
kilt,k,i,l,t
kina,k,i,n,a
kind,k,i,n,d
kine,k,i,n,e
king,k,i,n,g
kink,k,i,n,k
kips,k,i,p,s
kiss,k,i,s,s
kite,k,i,t,e
kits,k,i,t,s
kiwi,k,i,w,i
knar,k,n,a,r
knee,k,n,e,e
knew,k,n,e,w
knit,k,n,i,t
knob,k,n,o,b
knot,k,n,o,t
know,k,n,o,w
knur,k,n,u,r
kook,k,o,o,k
kudu,k,u,d,u
kuna,k,u,n,a
kyak,k,y,a,k
kyat,k,y,a,t
labs,l,a,b,s
lace,l,a,c,e
lack,l,a,c,k
lacy,l,a,c,y
lade,l,a,d,e
lads,l,a,d,s
lady,l,a,d,y
lags,l,a,g,s
laid,l,a,i,d
lain,l,a,i,n
lair,l,a,i,r
lake,l,a,k,e
lamb,l,a,m,b
lame,l,a,m,e
lamp,l,a,m,p
land,l,a,n,d
lane,l,a,n,e
lank,l,a,n,k
laps,l,a,p,s
lard,l,a,r,d
lari,l,a,r,i
lark,l,a,r,k
lash,l,a,s,h
lass,l,a,s,s
last,l,a,s,t
late,l,a,t,e
laud,l,a,u,d
lava,l,a,v,a
lave,l,a,v,e
lawn,l,a,w,n
laws,l,a,w,s
lays,l,a,y,s
laze,l,a,z,e
lazy,l,a,z,y
lead,l,e,a,d
leaf,l,e,a,f
leak,l,e,a,k
lean,l,e,a,n
leap,l,e,a,p
lear,l,e,a,r
leas,l,e,a,s
lede,l,e,d,e
leek,l,e,e,k
leer,l,e,e,r
lees,l,e,e,s
left,l,e,f,t
legs,l,e,g,s
leks,l,e,k,s
lend,l,e,n,d
lens,l,e,n,s
lent,l,e,n,t
lept,l,e,p,t
less,l,e,s,s
lest,l,e,s,t
lets,l,e,t,s
leus,l,e,u,s
levs,l,e,v,s
levy,l,e,v,y
lewd,l,e,w,d
liar,l,i,a,r
lice,l,i,c,e
lick,l,i,c,k
lids,l,i,d,s
lied,l,i,e,d
lien,l,i,e,n
lier,l,i,e,r
lies,l,i,e,s
lieu,l,i,e,u
life,l,i,f,e
lift,l,i,f,t
like,l,i,k,e
lilt,l,i,l,t
lily,l,i,l,y
limb,l,i,m,b
lime,l,i,m,e
limn,l,i,m,n
limo,l,i,m,o
limp,l,i,m,p
limy,l,i,m,y
line,l,i,n,e
link,l,i,n,k
lint,l,i,n,t
lion,l,i,o,n
lips,l,i,p,s
lira,l,i,r,a
lire,l,i,r,e
lirk,l,i,r,k
lisp,l,i,s,p
list,l,i,s,t
lite,l,i,t,e
live,l,i,v,e
load,l,o,a,d
loaf,l,o,a,f
loam,l,o,a,m
loan,l,o,a,n
lobe,l,o,b,e
lobs,l,o,b,s
loch,l,o,c,h
loci,l,o,c,i
lock,l,o,c,k
loco,l,o,c,o
lode,l,o,d,e
loft,l,o,f,t
logo,l,o,g,o
logs,l,o,g,s
loin,l,o,i,n
loll,l,o,l,l
lone,l,o,n,e
long,l,o,n,g
look,l,o,o,k
loom,l,o,o,m
loon,l,o,o,n
loop,l,o,o,p
loos,l,o,o,s
loot,l,o,o,t
lope,l,o,p,e
lops,l,o,p,s
lord,l,o,r,d
lore,l,o,r,e
lory,l,o,r,y
lose,l,o,s,e
loss,l,o,s,s
lost,l,o,s,t
loti,l,o,t,i
lots,l,o,t,s
loud,l,o,u,d
lout,l,o,u,t
love,l,o,v,e
lows,l,o,w,s
luau,l,u,a,u
lube,l,u,b,e
luck,l,u,c,k
luff,l,u,f,f
luge,l,u,g,e
lugs,l,u,g,s
lull,l,u,l,l
lump,l,u,m,p
lung,l,u,n,g
lure,l,u,r,e
lurk,l,u,r,k
lush,l,u,s,h
lust,l,u,s,t
lute,l,u,t,e
lynx,l,y,n,x
lyre,l,y,r,e
mace,m,a,c,e
mach,m,a,c,h
made,m,a,d,e
mage,m,a,g,e
magi,m,a,g,i
maid,m,a,i,d
mail,m,a,i,l
maim,m,a,i,m
main,m,a,i,n
make,m,a,k,e
male,m,a,l,e
mall,m,a,l,l
malt,m,a,l,t
mama,m,a,m,a
mane,m,a,n,e
mans,m,a,n,s
many,m,a,n,y
maps,m,a,p,s
mara,m,a,r,a
mare,m,a,r,e
mark,m,a,r,k
marl,m,a,r,l
mars,m,a,r,s
mart,m,a,r,t
mash,m,a,s,h
mask,m,a,s,k
mass,m,a,s,s
mast,m,a,s,t
mate,m,a,t,e
math,m,a,t,h
mats,m,a,t,s
matt,m,a,t,t
maul,m,a,u,l
maws,m,a,w,s
mayo,m,a,y,o
mays,m,a,y,s
maze,m,a,z,e
mead,m,e,a,d
meal,m,e,a,l
mean,m,e,a,n
meat,m,e,a,t
meek,m,e,e,k
meet,m,e,e,t
meld,m,e,l,d
melt,m,e,l,t
meme,m,e,m,e
memo,m,e,m,o
mend,m,e,n,d
mens,m,e,n,s
menu,m,e,n,u
meow,m,e,o,w
mere,m,e,r,e
mesa,m,e,s,a
mesh,m,e,s,h
mess,m,e,s,s
mews,m,e,w,s
mica,m,i,c,a
mice,m,i,c,e
midi,m,i,d,i
miff,m,i,f,f
mild,m,i,l,d
mile,m,i,l,e
milk,m,i,l,k
mill,m,i,l,l
mils,m,i,l,s
mime,m,i,m,e
mind,m,i,n,d
mine,m,i,n,e
mini,m,i,n,i
mink,m,i,n,k
mint,m,i,n,t
minx,m,i,n,x
mire,m,i,r,e
miss,m,i,s,s
mist,m,i,s,t
mite,m,i,t,e
mitt,m,i,t,t
moan,m,o,a,n
moat,m,o,a,t
mobs,m,o,b,s
mock,m,o,c,k
mode,m,o,d,e
mods,m,o,d,s
moho,m,o,h,o
mold,m,o,l,d
mole,m,o,l,e
molt,m,o,l,t
moms,m,o,m,s
monk,m,o,n,k
mood,m,o,o,d
moon,m,o,o,n
moor,m,o,o,r
moos,m,o,o,s
moot,m,o,o,t
mope,m,o,p,e
mops,m,o,p,s
more,m,o,r,e
moss,m,o,s,s
most,m,o,s,t
moth,m,o,t,h
move,m,o,v,e
mown,m,o,w,n
mows,m,o,w,s
much,m,u,c,h
muck,m,u,c,k
muff,m,u,f,f
mugs,m,u,g,s
mule,m,u,l,e
mull,m,u,l,l
mums,m,u,m,s
muon,m,u,o,n
murk,m,u,r,k
muse,m,u,s,e
mush,m,u,s,h
musk,m,u,s,k
must,m,u,s,t
mute,m,u,t,e
mutt,m,u,t,t
myna,m,y,n,a
myth,m,y,t,h
nabs,n,a,b,s
nags,n,a,g,s
nail,n,a,i,l
name,n,a,m,e
nand,n,a,n,d
nape,n,a,p,e
naps,n,a,p,s
naut,n,a,u,t
nave,n,a,v,e
navy,n,a,v,y
nays,n,a,y,s
nazi,n,a,z,i
neap,n,e,a,p
near,n,e,a,r
neat,n,e,a,t
neck,n,e,c,k
need,n,e,e,d
neon,n,e,o,n
nerd,n,e,r,d
nest,n,e,s,t
nets,n,e,t,s
nevi,n,e,v,i
news,n,e,w,s
newt,n,e,w,t
next,n,e,x,t
nibs,n,i,b,s
nice,n,i,c,e
nick,n,i,c,k
nigh,n,i,g,h
nils,n,i,l,s
nine,n,i,n,e
nips,n,i,p,s
nits,n,i,t,s
nobs,n,o,b,s
nock,n,o,c,k
node,n,o,d,e
nods,n,o,d,s
noel,n,o,e,l
none,n,o,n,e
noon,n,o,o,n
nope,n,o,p,e
norm,n,o,r,m
nose,n,o,s,e
nosy,n,o,s,y
note,n,o,t,e
noun,n,o,u,n
nova,n,o,v,a
nubs,n,u,b,s
nude,n,u,d,e
nuke,n,u,k,e
null,n,u,l,l
numb,n,u,m,b
nuns,n,u,n,s
nuts,n,u,t,s
oafs,o,a,f,s
oaks,o,a,k,s
oars,o,a,r,s
oath,o,a,t,h
oats,o,a,t,s
obey,o,b,e,y
oboe,o,b,o,e
octo,o,c,t,o
odds,o,d,d,s
odes,o,d,e,s
odor,o,d,o,r
offs,o,f,f,s
ogle,o,g,l,e
ogre,o,g,r,e
ohms,o,h,m,s
oils,o,i,l,s
oily,o,i,l,y
oink,o,i,n,k
okay,o,k,a,y
okra,o,k,r,a
olea,o,l,e,a
oleo,o,l,e,o
omen,o,m,e,n
omit,o,m,i,t
omni,o,m,n,i
once,o,n,c,e
ones,o,n,e,s
only,o,n,l,y
onto,o,n,t,o
onus,o,n,u,s
onyx,o,n,y,x
oohs,o,o,h,s
ooid,o,o,i,d
oops,o,o,p,s
ooze,o,o,z,e
oozy,o,o,z,y
opal,o,p,a,l
open,o,p,e,n
opts,o,p,t,s
oral,o,r,a,l
orbs,o,r,b,s
orca,o,r,c,a
ores,o,r,e,s
oryx,o,r,y,x
ouch,o,u,c,h
ours,o,u,r,s
oust,o,u,s,t
outs,o,u,t,s
ouzo,o,u,z,o
oval,o,v,a,l
oven,o,v,e,n
over,o,v,e,r
ovum,o,v,u,m
owed,o,w,e,d
ower,o,w,e,r
owes,o,w,e,s
owls,o,w,l,s
owly,o,w,l,y
owns,o,w,n,s
oxea,o,x,e,a
oxen,o,x,e,n
oxes,o,x,e,s
pace,p,a,c,e
pack,p,a,c,k
pact,p,a,c,t
pads,p,a,d,s
page,p,a,g,e
paid,p,a,i,d
pail,p,a,i,l
pain,p,a,i,n
pair,p,a,i,r
pale,p,a,l,e
pall,p,a,l,l
palm,p,a,l,m
palp,p,a,l,p
pals,p,a,l,s
pane,p,a,n,e
pang,p,a,n,g
pans,p,a,n,s
pant,p,a,n,t
papa,p,a,p,a
paps,p,a,p,s
pare,p,a,r,e
park,p,a,r,k
pars,p,a,r,s
part,p,a,r,t
pass,p,a,s,s
past,p,a,s,t
pate,p,a,t,e
path,p,a,t,h
pats,p,a,t,s
pave,p,a,v,e
pawn,p,a,w,n
paws,p,a,w,s
pays,p,a,y,s
peak,p,e,a,k
peal,p,e,a,l
pear,p,e,a,r
peas,p,e,a,s
peat,p,e,a,t
peck,p,e,c,k
peek,p,e,e,k
peel,p,e,e,l
peep,p,e,e,p
peer,p,e,e,r
pegs,p,e,g,s
pelf,p,e,l,f
pelt,p,e,l,t
pend,p,e,n,d
pens,p,e,n,s
pent,p,e,n,t
peon,p,e,o,n
pepo,p,e,p,o
peps,p,e,p,s
perk,p,e,r,k
perm,p,e,r,m
pert,p,e,r,t
peso,p,e,s,o
pest,p,e,s,t
pets,p,e,t,s
pews,p,e,w,s
phis,p,h,i,s
phiz,p,h,i,z
phub,p,h,u,b
pica,p,i,c,a
pick,p,i,c,k
pied,p,i,e,d
pier,p,i,e,r
pies,p,i,e,s
pigs,p,i,g,s
pike,p,i,k,e
pile,p,i,l,e
pili,p,i,l,i
pill,p,i,l,l
pimp,p,i,m,p
pine,p,i,n,e
ping,p,i,n,g
pink,p,i,n,k
pins,p,i,n,s
pint,p,i,n,t
pion,p,i,o,n
pipe,p,i,p,e
pips,p,i,p,s
pita,p,i,t,a
pith,p,i,t,h
pits,p,i,t,s
pity,p,i,t,y
pius,p,i,u,s
plan,p,l,a,n
play,p,l,a,y
plea,p,l,e,a
pleb,p,l,e,b
pled,p,l,e,d
plod,p,l,o,d
plop,p,l,o,p
plot,p,l,o,t
plow,p,l,o,w
ploy,p,l,o,y
plug,p,l,u,g
plum,p,l,u,m
plus,p,l,u,s
pock,p,o,c,k
pods,p,o,d,s
poem,p,o,e,m
poet,p,o,e,t
pogo,p,o,g,o
poke,p,o,k,e
poky,p,o,k,y
pole,p,o,l,e
poll,p,o,l,l
polo,p,o,l,o
pomp,p,o,m,p
pond,p,o,n,d
pony,p,o,n,y
pooh,p,o,o,h
pool,p,o,o,l
poop,p,o,o,p
poor,p,o,o,r
pope,p,o,p,e
pops,p,o,p,s
pore,p,o,r,e
pork,p,o,r,k
porn,p,o,r,n
port,p,o,r,t
pose,p,o,s,e
posh,p,o,s,h
post,p,o,s,t
posy,p,o,s,y
pots,p,o,t,s
pouf,p,o,u,f
pour,p,o,u,r
pout,p,o,u,t
poxy,p,o,x,y
pram,p,r,a,m
pray,p,r,a,y
prep,p,r,e,p
prey,p,r,e,y
prim,p,r,i,m
prod,p,r,o,d
prom,p,r,o,m
prop,p,r,o,p
pros,p,r,o,s
prow,p,r,o,w
psis,p,s,i,s
pubs,p,u,b,s
puce,p,u,c,e
puck,p,u,c,k
puff,p,u,f,f
pugs,p,u,g,s
puke,p,u,k,e
pull,p,u,l,l
pulp,p,u,l,p
puma,p,u,m,a
pump,p,u,m,p
punk,p,u,n,k
puns,p,u,n,s
punt,p,u,n,t
puny,p,u,n,y
pupa,p,u,p,a
pups,p,u,p,s
pure,p,u,r,e
purr,p,u,r,r
push,p,u,s,h
puts,p,u,t,s
putt,p,u,t,t
pyre,p,y,r,e
qadi,q,a,d,i
qaid,q,a,i,d
qats,q,a,t,s
qoph,q,o,p,h
quad,q,u,a,d
quay,q,u,a,y
quid,q,u,i,d
quin,q,u,i,n
quip,q,u,i,p
quit,q,u,i,t
quiz,q,u,i,z
race,r,a,c,e
rack,r,a,c,k
racy,r,a,c,y
raft,r,a,f,t
rage,r,a,g,e
rags,r,a,g,s
raid,r,a,i,d
rail,r,a,i,l
rain,r,a,i,n
rake,r,a,k,e
rami,r,a,m,i
ramp,r,a,m,p
rams,r,a,m,s
rand,r,a,n,d
rang,r,a,n,g
rank,r,a,n,k
rant,r,a,n,t
rape,r,a,p,e
raps,r,a,p,s
rapt,r,a,p,t
rare,r,a,r,e
rash,r,a,s,h
rasp,r,a,s,p
rate,r,a,t,e
rats,r,a,t,s
rave,r,a,v,e
raws,r,a,w,s
rays,r,a,y,s
raze,r,a,z,e
razz,r,a,z,z
read,r,e,a,d
reak,r,e,a,k
real,r,e,a,l
ream,r,e,a,m
reap,r,e,a,p
rear,r,e,a,r
redo,r,e,d,o
reds,r,e,d,s
reed,r,e,e,d
reef,r,e,e,f
reek,r,e,e,k
reel,r,e,e,l
refs,r,e,f,s
rein,r,e,i,n
rely,r,e,l,y
rend,r,e,n,d
rent,r,e,n,t
repo,r,e,p,o
resh,r,e,s,h
rest,r,e,s,t
revs,r,e,v,s
rhos,r,h,o,s
rial,r,i,a,l
ribs,r,i,b,s
rice,r,i,c,e
rich,r,i,c,h
rick,r,i,c,k
ride,r,i,d,e
rids,r,i,d,s
riel,r,i,e,l
rife,r,i,f,e
riff,r,i,f,f
rift,r,i,f,t
rigs,r,i,g,s
rile,r,i,l,e
rill,r,i,l,l
rily,r,i,l,y
rime,r,i,m,e
rims,r,i,m,s
rind,r,i,n,d
ring,r,i,n,g
rink,r,i,n,k
riot,r,i,o,t
ripe,r,i,p,e
rips,r,i,p,s
rise,r,i,s,e
risk,r,i,s,k
rite,r,i,t,e
rive,r,i,v,e
road,r,o,a,d
roam,r,o,a,m
roan,r,o,a,n
roar,r,o,a,r
robe,r,o,b,e
robs,r,o,b,s
rock,r,o,c,k
rode,r,o,d,e
rods,r,o,d,s
roes,r,o,e,s
roil,r,o,i,l
role,r,o,l,e
roll,r,o,l,l
romp,r,o,m,p
rood,r,o,o,d
roof,r,o,o,f
rook,r,o,o,k
room,r,o,o,m
root,r,o,o,t
rope,r,o,p,e
ropy,r,o,p,y
rose,r,o,s,e
rosy,r,o,s,y
rote,r,o,t,e
rots,r,o,t,s
roue,r,o,u,e
rout,r,o,u,t
rove,r,o,v,e
rows,r,o,w,s
rubs,r,u,b,s
ruby,r,u,b,y
rude,r,u,d,e
rued,r,u,e,d
rues,r,u,e,s
ruff,r,u,f,f
rugs,r,u,g,s
ruin,r,u,i,n
rule,r,u,l,e
rums,r,u,m,s
rune,r,u,n,e
rung,r,u,n,g
runs,r,u,n,s
runt,r,u,n,t
ruse,r,u,s,e
rush,r,u,s,h
rust,r,u,s,t
rute,r,u,t,e
ruts,r,u,t,s
sack,s,a,c,k
sacs,s,a,c,s
safe,s,a,f,e
saga,s,a,g,a
sage,s,a,g,e
sags,s,a,g,s
sagy,s,a,g,y
said,s,a,i,d
sail,s,a,i,l
sake,s,a,k,e
saki,s,a,k,i
sale,s,a,l,e
salt,s,a,l,t
same,s,a,m,e
sand,s,a,n,d
sane,s,a,n,e
sang,s,a,n,g
sank,s,a,n,k
saps,s,a,p,s
sard,s,a,r,d
sari,s,a,r,i
sash,s,a,s,h
sass,s,a,s,s
sate,s,a,t,e
save,s,a,v,e
sawn,s,a,w,n
saws,s,a,w,s
says,s,a,y,s
scab,s,c,a,b
scam,s,c,a,m
scan,s,c,a,n
scar,s,c,a,r
scat,s,c,a,t
scot,s,c,o,t
scry,s,c,r,y
scud,s,c,u,d
scum,s,c,u,m
scuz,s,c,u,z
seal,s,e,a,l
seam,s,e,a,m
sear,s,e,a,r
seas,s,e,a,s
seat,s,e,a,t
sect,s,e,c,t
seed,s,e,e,d
seek,s,e,e,k
seem,s,e,e,m
seen,s,e,e,n
seep,s,e,e,p
seer,s,e,e,r
sees,s,e,e,s
self,s,e,l,f
sell,s,e,l,l
seme,s,e,m,e
send,s,e,n,d
sent,s,e,n,t
sera,s,e,r,a
sere,s,e,r,e
serf,s,e,r,f
seta,s,e,t,a
sets,s,e,t,s
sewn,s,e,w,n
sews,s,e,w,s
sext,s,e,x,t
sexy,s,e,x,y
shah,s,h,a,h
sham,s,h,a,m
shed,s,h,e,d
shew,s,h,e,w
shim,s,h,i,m
shin,s,h,i,n
ship,s,h,i,p
shiv,s,h,i,v
shmo,s,h,m,o
shoe,s,h,o,e
shoo,s,h,o,o
shop,s,h,o,p
shot,s,h,o,t
show,s,h,o,w
shun,s,h,u,n
shut,s,h,u,t
shwa,s,h,w,a
sick,s,i,c,k
side,s,i,d,e
sift,s,i,f,t
sigh,s,i,g,h
sign,s,i,g,n
sikh,s,i,k,h
siku,s,i,k,u
silk,s,i,l,k
sill,s,i,l,l
silo,s,i,l,o
silt,s,i,l,t
sine,s,i,n,e
sing,s,i,n,g
sink,s,i,n,k
sins,s,i,n,s
sips,s,i,p,s
sire,s,i,r,e
sirs,s,i,r,s
site,s,i,t,e
sits,s,i,t,s
sitz,s,i,t,z
size,s,i,z,e
skep,s,k,e,p
skew,s,k,e,w
skid,s,k,i,d
skim,s,k,i,m
skin,s,k,i,n
skip,s,k,i,p
skis,s,k,i,s
skit,s,k,i,t
slab,s,l,a,b
slam,s,l,a,m
slap,s,l,a,p
slat,s,l,a,t
slaw,s,l,a,w
slay,s,l,a,y
sled,s,l,e,d
slew,s,l,e,w
slid,s,l,i,d
slim,s,l,i,m
slip,s,l,i,p
slit,s,l,i,t
slob,s,l,o,b
sloe,s,l,o,e
slog,s,l,o,g
slop,s,l,o,p
slot,s,l,o,t
slow,s,l,o,w
slug,s,l,u,g
slum,s,l,u,m
slur,s,l,u,r
smit,s,m,i,t
smog,s,m,o,g
smug,s,m,u,g
smut,s,m,u,t
snag,s,n,a,g
snap,s,n,a,p
snip,s,n,i,p
snit,s,n,i,t
snob,s,n,o,b
snog,s,n,o,g
snot,s,n,o,t
snow,s,n,o,w
snub,s,n,u,b
snug,s,n,u,g
soak,s,o,a,k
soap,s,o,a,p
soar,s,o,a,r
sobs,s,o,b,s
sock,s,o,c,k
soda,s,o,d,a
sods,s,o,d,s
sofa,s,o,f,a
soft,s,o,f,t
soil,s,o,i,l
sold,s,o,l,d
sole,s,o,l,e
soli,s,o,l,i
solo,s,o,l,o
sols,s,o,l,s
some,s,o,m,e
soms,s,o,m,s
sone,s,o,n,e
song,s,o,n,g
sons,s,o,n,s
soon,s,o,o,n
soot,s,o,o,t
sops,s,o,p,s
sore,s,o,r,e
sort,s,o,r,t
sots,s,o,t,s
soul,s,o,u,l
soup,s,o,u,p
sour,s,o,u,r
sown,s,o,w,n
sows,s,o,w,s
soya,s,o,y,a
soys,s,o,y,s
spam,s,p,a,m
span,s,p,a,n
spar,s,p,a,r
spas,s,p,a,s
spat,s,p,a,t
spay,s,p,a,y
sped,s,p,e,d
spin,s,p,i,n
spit,s,p,i,t
spot,s,p,o,t
spry,s,p,r,y
spud,s,p,u,d
spun,s,p,u,n
spur,s,p,u,r
stab,s,t,a,b
stag,s,t,a,g
star,s,t,a,r
stat,s,t,a,t
stay,s,t,a,y
stem,s,t,e,m
step,s,t,e,p
stew,s,t,e,w
stir,s,t,i,r
stop,s,t,o,p
stow,s,t,o,w
stub,s,t,u,b
stud,s,t,u,d
stun,s,t,u,n
stye,s,t,y,e
styx,s,t,y,x
subs,s,u,b,s
such,s,u,c,h
suck,s,u,c,k
suds,s,u,d,s
sued,s,u,e,d
suer,s,u,e,r
sues,s,u,e,s
suet,s,u,e,t
suit,s,u,i,t
sulk,s,u,l,k
sumo,s,u,m,o
sump,s,u,m,p
sums,s,u,m,s
sung,s,u,n,g
sunk,s,u,n,k
suns,s,u,n,s
suqs,s,u,q,s
sure,s,u,r,e
surf,s,u,r,f
swab,s,w,a,b
swag,s,w,a,g
swam,s,w,a,m
swan,s,w,a,n
swap,s,w,a,p
swat,s,w,a,t
sway,s,w,a,y
swig,s,w,i,g
swim,s,w,i,m
swiz,s,w,i,z
swop,s,w,o,p
swum,s,w,u,m
sync,s,y,n,c
tabs,t,a,b,s
tabu,t,a,b,u
tack,t,a,c,k
taco,t,a,c,o
tact,t,a,c,t
tags,t,a,g,s
tail,t,a,i,l
taka,t,a,k,a
take,t,a,k,e
tala,t,a,l,a
talc,t,a,l,c
tale,t,a,l,e
talk,t,a,l,k
tall,t,a,l,l
tame,t,a,m,e
tamp,t,a,m,p
tams,t,a,m,s
tank,t,a,n,k
tans,t,a,n,s
tape,t,a,p,e
taps,t,a,p,s
tare,t,a,r,e
tarn,t,a,r,n
taro,t,a,r,o
tarp,t,a,r,p
tars,t,a,r,s
tart,t,a,r,t
task,t,a,s,k
taus,t,a,u,s
taut,t,a,u,t
taxa,t,a,x,a
taxi,t,a,x,i
teak,t,e,a,k
teal,t,e,a,l
team,t,e,a,m
tear,t,e,a,r
teas,t,e,a,s
tech,t,e,c,h
teed,t,e,e,d
teem,t,e,e,m
teen,t,e,e,n
tees,t,e,e,s
tell,t,e,l,l
tend,t,e,n,d
tens,t,e,n,s
tent,t,e,n,t
term,t,e,r,m
tern,t,e,r,n
terp,t,e,r,p
test,t,e,s,t
teth,t,e,t,h
text,t,e,x,t
than,t,h,a,n
that,t,h,a,t
thaw,t,h,a,w
thee,t,h,e,e
them,t,h,e,m
then,t,h,e,n
they,t,h,e,y
thin,t,h,i,n
this,t,h,i,s
thou,t,h,o,u
thru,t,h,r,u
thud,t,h,u,d
thug,t,h,u,g
thus,t,h,u,s
tick,t,i,c,k
tics,t,i,c,s
tide,t,i,d,e
tidy,t,i,d,y
tied,t,i,e,d
tier,t,i,e,r
ties,t,i,e,s
tiff,t,i,f,f
tike,t,i,k,e
tile,t,i,l,e
till,t,i,l,l
tilt,t,i,l,t
time,t,i,m,e
tine,t,i,n,e
ting,t,i,n,g
tins,t,i,n,s
tint,t,i,n,t
tiny,t,i,n,y
tipi,t,i,p,i
tips,t,i,p,s
tire,t,i,r,e
tizz,t,i,z,z
toad,t,o,a,d
toed,t,o,e,d
toes,t,o,e,s
toff,t,o,f,f
tofu,t,o,f,u
toga,t,o,g,a
toil,t,o,i,l
toke,t,o,k,e
told,t,o,l,d
toll,t,o,l,l
tomb,t,o,m,b
tome,t,o,m,e
toms,t,o,m,s
tone,t,o,n,e
tong,t,o,n,g
tons,t,o,n,s
took,t,o,o,k
tool,t,o,o,l
toot,t,o,o,t
tops,t,o,p,s
tore,t,o,r,e
torn,t,o,r,n
toro,t,o,r,o
tort,t,o,r,t
toss,t,o,s,s
tote,t,o,t,e
tots,t,o,t,s
tour,t,o,u,r
tout,t,o,u,t
town,t,o,w,n
tows,t,o,w,s
toys,t,o,y,s
tram,t,r,a,m
trap,t,r,a,p
tray,t,r,a,y
tree,t,r,e,e
trek,t,r,e,k
trim,t,r,i,m
trio,t,r,i,o
trip,t,r,i,p
trod,t,r,o,d
tron,t,r,o,n
trot,t,r,o,t
troy,t,r,o,y
true,t,r,u,e
tsar,t,s,a,r
tuba,t,u,b,a
tube,t,u,b,e
tubs,t,u,b,s
tuck,t,u,c,k
tufa,t,u,f,a
tuff,t,u,f,f
tuft,t,u,f,t
tugs,t,u,g,s
tums,t,u,m,s
tuna,t,u,n,a
tune,t,u,n,e
turf,t,u,r,f
turn,t,u,r,n
tusk,t,u,s,k
tutu,t,u,t,u
twig,t,w,i,g
twin,t,w,i,n
twit,t,w,i,t
twos,t,w,o,s
tyke,t,y,k,e
type,t,y,p,e
typo,t,y,p,o
tyro,t,y,r,o
tzar,t,z,a,r
ughs,u,g,h,s
ugly,u,g,l,y
ukes,u,k,e,s
ulna,u,l,n,a
umbo,u,m,b,o
umps,u,m,p,s
undo,u,n,d,o
unit,u,n,i,t
unix,u,n,i,x
unto,u,n,t,o
upon,u,p,o,n
urea,u,r,e,a
urge,u,r,g,e
uric,u,r,i,c
urns,u,r,n,s
used,u,s,e,d
user,u,s,e,r
uses,u,s,e,s
uvea,u,v,e,a
vain,v,a,i,n
vale,v,a,l,e
vamp,v,a,m,p
vane,v,a,n,e
vang,v,a,n,g
vans,v,a,n,s
vape,v,a,p,e
vara,v,a,r,a
vary,v,a,r,y
vase,v,a,s,e
vast,v,a,s,t
vats,v,a,t,s
vatu,v,a,t,u
veal,v,e,a,l
vear,v,e,a,r
veer,v,e,e,r
vees,v,e,e,s
veil,v,e,i,l
vein,v,e,i,n
vela,v,e,l,a
vend,v,e,n,d
vent,v,e,n,t
verb,v,e,r,b
very,v,e,r,y
vest,v,e,s,t
veto,v,e,t,o
vets,v,e,t,s
vial,v,i,a,l
vibe,v,i,b,e
vice,v,i,c,e
vied,v,i,e,d
vies,v,i,e,s
view,v,i,e,w
vile,v,i,l,e
vine,v,i,n,e
viol,v,i,o,l
visa,v,i,s,a
vise,v,i,s,e
vita,v,i,t,a
voes,v,o,e,s
void,v,o,i,d
vole,v,o,l,e
volt,v,o,l,t
vote,v,o,t,e
vows,v,o,w,s
vugs,v,u,g,s
wack,w,a,c,k
wade,w,a,d,e
wadi,w,a,d,i
wads,w,a,d,s
waft,w,a,f,t
wage,w,a,g,e
wags,w,a,g,s
waif,w,a,i,f
wail,w,a,i,l
wait,w,a,i,t
wake,w,a,k,e
wale,w,a,l,e
walk,w,a,l,k
wall,w,a,l,l
waly,w,a,l,y
wand,w,a,n,d
wane,w,a,n,e
want,w,a,n,t
ward,w,a,r,d
ware,w,a,r,e
warm,w,a,r,m
warn,w,a,r,n
warp,w,a,r,p
wars,w,a,r,s
wart,w,a,r,t
wary,w,a,r,y
wash,w,a,s,h
wasp,w,a,s,p
watt,w,a,t,t
wauk,w,a,u,k
waul,w,a,u,l
wave,w,a,v,e
wavy,w,a,v,y
wawl,w,a,w,l
waxy,w,a,x,y
ways,w,a,y,s
weak,w,e,a,k
weal,w,e,a,l
wean,w,e,a,n
wear,w,e,a,r
webs,w,e,b,s
weds,w,e,d,s
weed,w,e,e,d
week,w,e,e,k
ween,w,e,e,n
weep,w,e,e,p
weir,w,e,i,r
weld,w,e,l,d
well,w,e,l,l
welt,w,e,l,t
wend,w,e,n,d
went,w,e,n,t
wept,w,e,p,t
were,w,e,r,e
west,w,e,s,t
wets,w,e,t,s
wham,w,h,a,m
what,w,h,a,t
when,w,h,e,n
whet,w,h,e,t
whew,w,h,e,w
whey,w,h,e,y
whim,w,h,i,m
whip,w,h,i,p
whir,w,h,i,r
whiz,w,h,i,z
whoa,w,h,o,a
whom,w,h,o,m
whop,w,h,o,p
whup,w,h,u,p
wick,w,i,c,k
wide,w,i,d,e
wife,w,i,f,e
wifi,w,i,f,i
wigs,w,i,g,s
wild,w,i,l,d
wile,w,i,l,e
will,w,i,l,l
wilt,w,i,l,t
wily,w,i,l,y
wimp,w,i,m,p
wind,w,i,n,d
wine,w,i,n,e
wing,w,i,n,g
wink,w,i,n,k
wins,w,i,n,s
wipe,w,i,p,e
wire,w,i,r,e
wiry,w,i,r,y
wise,w,i,s,e
wish,w,i,s,h
wisp,w,i,s,p
wist,w,i,s,t
with,w,i,t,h
wits,w,i,t,s
wive,w,i,v,e
woad,w,o,a,d
woes,w,o,e,s
woke,w,o,k,e
woks,w,o,k,s
wolf,w,o,l,f
womb,w,o,m,b
wons,w,o,n,s
wont,w,o,n,t
wood,w,o,o,d
woof,w,o,o,f
wool,w,o,o,l
woos,w,o,o,s
word,w,o,r,d
wore,w,o,r,e
work,w,o,r,k
worm,w,o,r,m
worn,w,o,r,n
wort,w,o,r,t
wove,w,o,v,e
wows,w,o,w,s
wrap,w,r,a,p
wren,w,r,e,n
writ,w,r,i,t
wyes,w,y,e,s
xray,x,r,a,y
xyst,x,y,s,t
yack,y,a,c,k
yaff,y,a,f,f
yagi,y,a,g,i
yaks,y,a,k,s
yald,y,a,l,d
yams,y,a,m,s
yang,y,a,n,g
yank,y,a,n,k
yaps,y,a,p,s
yard,y,a,r,d
yare,y,a,r,e
yarn,y,a,r,n
yaud,y,a,u,d
yaup,y,a,u,p
yawl,y,a,w,l
yawn,y,a,w,n
yawp,y,a,w,p
yaws,y,a,w,s
yeah,y,e,a,h
yean,y,e,a,n
year,y,e,a,r
yeas,y,e,a,s
yegg,y,e,g,g
yeld,y,e,l,d
yelk,y,e,l,k
yell,y,e,l,l
yelm,y,e,l,m
yelp,y,e,l,p
yens,y,e,n,s
yerk,y,e,r,k
yesk,y,e,s,k
yeti,y,e,t,i
yett,y,e,t,t
yeuk,y,e,u,k
yews,y,e,w,s
yill,y,i,l,l
yins,y,i,n,s
yipe,y,i,p,e
yips,y,i,p,s
yird,y,i,r,d
yirr,y,i,r,r
ynal,y,n,a,l
yodh,y,o,d,h
yods,y,o,d,s
yoga,y,o,g,a
yogh,y,o,g,h
yogi,y,o,g,i
yoke,y,o,k,e
yolk,y,o,l,k
yond,y,o,n,d
yoni,y,o,n,i
yore,y,o,r,e
your,y,o,u,r
yowe,y,o,w,e
yowl,y,o,w,l
yows,y,o,w,s
yoyo,y,o,y,o
yuan,y,u,a,n
yuck,y,u,c,k
yuga,y,u,g,a
yuks,y,u,k,s
yule,y,u,l,e
yurt,y,u,r,t
yutz,y,u,t,z
ywis,y,w,i,s
zags,z,a,g,s
zany,z,a,n,y
zaps,z,a,p,s
zarf,z,a,r,f
zati,z,a,t,i
zeal,z,e,a,l
zebu,z,e,b,u
zeds,z,e,d,s
zees,z,e,e,s
zein,z,e,i,n
zens,z,e,n,s
zeps,z,e,p,s
zerk,z,e,r,k
zero,z,e,r,o
zest,z,e,s,t
zeta,z,e,t,a
zhos,z,h,o,s
zigs,z,i,g,s
zinc,z,i,n,c
zine,z,i,n,e
zing,z,i,n,g
zips,z,i,p,s
ziti,z,i,t,i
zits,z,i,t,s
zizz,z,i,z,z
zoea,z,o,e,a
zoic,z,o,i,c
zone,z,o,n,e
zonk,z,o,n,k
zoom,z,o,o,m
zoon,z,o,o,n
zoos,z,o,o,s
zori,z,o,r,i
zulu,z,u,l,u
zyme,z,y,m,e
